Column,Row,Value
10,20,209
32,62,152
49,35,170
55,41,201
56,10,139
13,28,174
9,36,156
54,18,147
29,24,194
16,12,183
57,40,209
24,21,202
46,46,143
41,60,95
37,43,240
27,4,145
11,27,193
6,11,150
37,1,142
25,2,143
37,11,140
39,7,141
3,11,151
2,24,129
56,18,132
41,42,167
38,44,232
25,4,149
33,47,102
31,25,149
38,25,171
15,11,190
21,38,87
32,13,183
54,15,134
60,48,115
22,15,179
42,2,137
43,36,97
26,43,244
63,62,136
51,25,188
22,16,180
51,46,211
9,38,146
32,28,157
6,16,140
12,15,182
20,24,172
13,3,153
22,46,222
51,53,199
1,5,154
19,40,149
21,34,69
39,58,157
28,1,143
60,41,160
48,8,147
44,60,116
4,19,152
25,36,35
51,4,143
41,24,169
29,41,236
7,35,190
12,52,210
33,33,132
23,40,197
23,8,139
32,48,73
0,56,153
43,3,140
15,37,170
51,38,111
42,52,204
61,23,134
37,22,188
54,63,159
54,42,203
40,16,177
44,4,144
63,8,141
27,51,158
1,63,214
42,20,166
63,30,110
11,1,150
52,23,178
10,56,195
5,46,216
10,35,169
39,30,199
48,35,175
34,40,208
44,7,143
44,15,205
53,50,207
51,22,176
13,35,197
0,60,186
52,42,169
1,3,151
41,37,68
24,60,183
49,6,148
27,61,180
36,28,168
28,45,222
7,59,176
43,29,193
13,13,174
17,18,197
0,46,144
34,26,167
30,35,170
60,28,116
43,51,193
18,21,141
40,9,138
6,56,207
18,33,201
52,17,152
21,36,74
52,28,209
61,46,140
26,62,189
38,18,169
13,47,181
43,34,120
33,61,140
49,57,154
17,26,161
11,57,181
44,26,152
61,62,118
52,54,169
39,12,136
10,30,187
26,29,167
39,57,165
3,43,220
53,34,169
0,1,156
38,28,186
12,57,177
13,56,170
60,31,104
19,62,199
12,28,172
57,10,140
16,60,168
51,49,226
58,13,139
50,6,149
33,57,119
50,60,145
36,52,137
53,61,161
39,43,221
27,26,155
1,55,163
55,16,140
57,43,210
53,63,158
34,39,176
44,20,170
12,30,189
11,34,174
17,19,165
37,61,122
52,38,119
42,50,186
35,60,135
32,37,204
42,40,166
8,0,152
61,4,145
10,60,154
42,62,107
0,13,145
5,35,218
46,7,148
4,31,126
56,40,205
54,25,131
28,30,165
20,29,202
3,1,149
53,48,211
62,39,137
1,6,154
47,10,146
20,45,185
2,54,191
44,46,142
51,12,171
45,17,180
24,62,201
59,4,141
58,27,113
47,34,193
62,41,134
60,36,154
28,52,118
25,38,66
55,6,150
24,50,196
8,7,153
61,20,143
44,10,148
56,49,177
24,14,204
50,11,191
3,57,147
22,25,182
4,54,171
36,60,131
32,7,147
13,54,198
16,31,205
20,14,186
15,47,160
21,31,211
13,21,138
56,57,105
51,34,142
45,41,142
44,23,163
43,5,145
47,29,176
23,17,172
63,44,126
61,17,142
39,54,150
42,48,153
60,27,108
11,46,154
18,43,143
1,52,183
58,20,144
44,22,135
24,0,140
12,60,151
8,15,162
62,18,151
39,37,43
4,17,147
36,19,183
60,37,151
28,13,188
26,47,236
58,26,112
0,32,131
45,20,174
59,16,138
8,39,155
17,62,208
45,15,181
60,6,141
45,11,145
5,1,148
63,23,148
49,36,155
29,55,126
33,0,143
38,60,131
36,38,73
18,19,144
10,26,210
1,57,154
11,60,166
29,51,133
21,29,197
58,53,115
50,14,175
59,60,96
10,63,165
7,17,138
8,51,206
33,25,147
19,58,169
8,35,176
34,53,124
57,28,112
7,11,154
25,51,177
50,27,156
32,61,154
11,30,187
41,50,164
61,5,143
20,25,173
30,13,195
16,62,203
19,30,210
59,55,87
33,48,96
13,46,146
35,43,229
18,34,166
36,23,149
3,12,150
34,25,168
40,3,141
13,43,126
60,12,139
48,9,146
23,22,183
54,9,152
37,62,110
36,58,153
28,24,166
41,41,172
55,46,207
29,39,193
0,0,154
40,56,166
39,28,200
45,4,143
2,56,161
6,17,141
41,1,137
45,8,147
37,50,171
55,36,189
25,30,177
21,7,144
8,55,211
28,53,134
34,50,166
33,52,95
17,17,193
17,53,193
40,14,212
41,2,141
14,34,208
45,23,173
47,62,141
25,33,172
49,26,119
40,55,167
33,62,132
34,49,192
1,54,172
13,17,197
26,55,131
62,32,111
21,13,212
4,34,191
29,61,166
28,26,174
23,31,204
53,49,212
6,59,168
9,15,158
49,19,182
26,23,186
52,5,149
12,32,189
62,46,132
37,38,39
3,28,131
63,16,134
5,0,149
58,46,176
21,1,146
60,16,143
57,19,134
50,44,150
1,12,147
54,54,134
29,54,142
21,3,144
0,40,128
45,3,137
26,20,195
58,22,147
4,35,204
49,14,176
53,8,151
60,14,139
46,24,161
19,42,150
31,40,237
0,28,124
7,55,218
27,40,114
27,44,243
20,3,146
15,16,199
63,63,124
45,36,157
31,15,216
5,22,134
38,29,182
48,0,132
31,2,142
9,3,150
33,21,156
15,50,205
21,61,204
63,58,153
53,59,123
36,18,177
5,7,151
40,41,186
62,62,124
26,26,177
7,4,153
29,59,166
55,4,148
54,40,185
36,33,186
49,0,129
52,25,180
46,5,145
11,59,164
4,30,129
49,51,226
39,33,189
31,20,188
0,53,156
54,44,208
11,41,192
58,3,144
48,26,115
56,12,143
26,61,180
32,19,178
38,56,156
28,40,183
13,57,184
30,21,155
45,45,111
47,21,143
10,6,150
16,6,147
12,31,195
8,37,153
8,22,139
43,52,203
22,27,198
37,24,167
21,26,190
36,10,144
0,6,156
23,29,205
34,13,170
2,46,204
15,41,167
39,40,187
44,30,198
9,12,125
25,11,151
51,62,161
58,47,166
40,30,203
17,14,160
46,56,194
5,20,189
28,29,158
7,53,215
46,35,156
62,48,131
47,12,172
6,10,150
56,1,150
11,22,171
19,57,167
45,0,133
59,7,140
33,5,151
17,1,152
52,13,155
26,46,235
60,39,166
27,19,186
30,7,143
26,8,149
43,22,158
9,58,189
10,23,206
15,31,208
13,15,176
31,39,221
32,22,161
46,15,167
31,53,115
48,60,130
32,31,135
1,34,142
6,12,148
42,47,148
52,41,154
43,35,56
29,11,143
38,3,142
39,51,165
2,45,199
19,35,107
46,51,217
41,33,185
5,14,146
52,44,201
26,44,246
43,54,211
50,15,156
14,45,120
53,1,146
53,58,131
28,61,175
22,20,181
63,19,160
4,59,157
38,34,140
8,41,170
46,41,143
37,47,224
50,55,142
59,63,100
22,48,219
21,55,158
58,51,103
3,59,144
31,37,208
13,41,178
41,47,177
59,0,140
42,39,177
35,11,143
21,60,204
35,26,159
27,2,144
0,47,148
0,31,120
52,56,131
59,49,147
22,41,200
48,63,145
58,10,139
42,58,114
62,16,134
29,48,134
7,1,150
11,35,173
59,5,140
35,31,135
49,2,136
48,50,222
19,63,207
28,47,193
13,31,197
49,16,197
58,52,106
51,11,183
12,17,196
52,22,204
18,11,152
59,30,124
31,57,130
15,39,167
61,29,118
43,55,202
57,35,208
39,32,198
19,14,198
60,20,136
53,44,206
4,38,211
48,15,178
39,10,131
56,50,167
28,37,146
57,44,199
28,48,208
10,27,207
38,54,138
53,56,136
43,57,139
11,13,146
56,41,207
59,43,174
3,25,130
6,28,176
23,21,185
16,5,146
27,58,160
27,13,186
12,2,153
51,42,145
43,49,178
57,57,113
41,25,164
58,19,139
56,5,148
61,12,137
62,37,145
33,13,173
35,24,161
59,46,141
5,3,150
58,29,126
28,5,143
15,38,159
45,50,201
27,30,184
61,30,115
1,7,152
17,8,147
16,24,170
48,16,197
54,61,144
12,50,213
61,56,118
11,4,151
54,58,143
53,2,149
62,27,119
56,21,143
50,51,221
6,21,158
56,8,146
36,37,87
4,4,155
57,42,209
7,40,187
10,11,154
38,61,123
50,28,175
35,9,146
0,52,169
7,33,208
54,51,177
33,8,147
60,51,118
6,31,215
56,54,111
37,57,151
5,30,172
9,37,155
0,12,146
30,31,148
30,29,169
5,23,133
3,49,228
20,52,180
62,47,149
53,41,179
56,13,140
53,47,207
63,32,110
57,62,141
42,28,192
8,5,151
35,27,153
6,0,150
45,55,185
20,53,180
11,45,129
37,35,92
12,45,120
51,6,148
59,51,105
7,43,191
3,2,151
39,52,146
47,3,133
16,22,115
40,18,196
49,50,221
2,27,126
20,61,204
9,4,151
3,53,205
12,38,118
44,17,168
46,34,187
31,33,147
48,24,138
58,12,141
63,37,159
9,2,150
0,17,118
2,55,168
56,24,149
26,48,221
20,19,126
15,49,195
37,28,168
12,18,197
56,22,156
17,36,192
6,55,217
49,9,148
42,8,148
22,17,193
61,24,134
56,37,194
20,10,144
27,6,146
35,56,123
62,26,123
22,34,87
50,49,224
39,23,168
44,59,109
27,11,152
10,46,171
23,18,191
5,15,146
63,2,141
26,36,86
14,12,175
50,59,136
31,17,195
32,3,149
30,10,139
24,61,195
62,6,144
33,40,222
39,56,161
45,10,149
48,42,135
32,51,116
38,2,140
61,48,106
32,56,109
50,16,190
28,19,176
16,56,165
9,1,151
34,47,123
31,61,162
59,48,133
40,35,43
20,36,57
27,25,162
57,9,141
49,52,226
38,7,143
55,58,124
29,33,142
53,18,151
28,25,166
15,15,188
50,46,202
57,3,146
28,41,208
12,7,150
31,56,118
52,19,207
18,13,206
59,39,194
22,29,200
62,19,155
28,42,229
39,17,172
59,57,72
52,12,153
41,48,185
25,26,194
42,17,196
61,44,122
28,38,183
13,27,163
25,43,240
33,3,148
26,63,190
3,19,134
15,63,203
8,21,178
23,44,227
15,10,171
10,61,171
24,48,216
43,1,130
52,46,213
34,32,128
20,54,176
26,49,210
57,25,126
24,20,190
24,25,187
6,27,180
24,7,140
23,19,202
30,12,155
25,50,196
59,29,126
0,42,137
58,39,208
0,9,148
43,61,106
35,36,101
32,33,144
54,7,151
48,13,175
16,10,155
11,42,172
6,37,193
1,50,189
16,45,130
24,24,183
8,44,178
42,6,145
22,1,145
18,0,150
54,29,183
58,38,209
57,24,136
50,39,141
0,54,155
39,45,218
39,16,193
57,21,148
37,37,33
38,8,141
15,21,130
38,32,166
50,50,222
0,41,136
55,0,147
29,14,215
35,49,200
30,61,165
38,14,205
16,55,187
17,31,209
16,40,162
26,14,206
11,8,157
61,27,119
42,5,143
48,31,189
29,16,198
27,22,179
40,46,187
49,25,136
36,30,182
40,50,176
60,61,100
13,40,150
63,55,149
1,10,147
20,44,181
24,11,147
7,24,132
55,53,140
56,43,208
48,11,158
13,49,201
62,21,144
62,45,133
27,8,148
48,27,134
40,52,163
60,35,187
40,40,174
34,43,239
6,19,174
41,20,169
5,21,148
8,42,174
21,30,202
43,21,167
33,35,159
23,13,217
39,35,27
19,24,170
44,1,132
55,25,132
4,28,129
2,41,187
10,36,158
7,0,150
29,38,179
28,27,168
29,40,209
34,42,239
10,50,205
12,19,200
36,22,152
61,32,107
11,39,153
4,29,131
43,16,204
19,20,140
52,35,154
0,36,140
40,8,141
8,61,155
44,3,139
19,53,175
33,9,144
0,63,221
38,51,168
8,23,142
8,49,206
35,23,156
23,28,200
49,59,139
14,52,203
22,11,152
13,62,187
4,9,152
25,37,38
1,43,162
57,51,118
42,31,205
28,57,145
55,40,196
36,36,101
36,45,237
41,51,183
22,52,166
28,31,169
29,63,167
23,26,193
1,15,137
40,42,202
59,27,108
33,12,150
26,18,176
2,48,205
51,50,218
5,63,161
50,47,214
10,5,149
5,56,204
29,23,186
30,4,142
48,19,183
42,59,122
35,62,111
47,60,107
27,27,171
18,39,146
12,29,179
29,7,145
23,20,192
57,61,140
9,10,137
2,39,134
5,31,170
0,18,108
16,52,192
10,42,177
17,33,204
40,58,141
43,10,150
2,29,129
6,22,129
56,55,114
19,51,181
20,55,171
2,35,138
53,43,196
16,59,167
19,15,181
54,47,205
18,9,144
3,17,144
16,16,196
20,20,157
6,54,223
49,61,140
59,20,138
55,17,136
1,2,151
37,52,138
63,46,138
26,33,167
4,1,148
4,49,230
49,55,148
47,22,125
36,55,128
21,18,182
30,49,125
33,59,129
26,30,163
62,40,137
60,54,109
34,15,212
14,43,115
24,59,175
63,21,151
9,24,203
36,20,183
55,10,154
32,34,155
55,3,149
35,47,217
20,28,197
14,41,175
40,24,172
44,58,106
17,22,138
58,61,117
13,51,212
20,57,169
39,49,209
7,56,213
56,2,148
55,23,171
37,0,143
43,58,129
29,60,170
61,8,142
30,27,182
9,59,145
36,42,210
26,59,178
12,47,184
40,43,209
44,56,159
13,14,199
12,53,200
51,29,181
4,37,216
8,48,207
17,35,162
27,46,229
8,60,153
19,41,140
59,61,99
16,36,194
26,60,179
48,25,116
33,24,147
32,6,148
40,48,204
49,4,145
49,43,124
46,37,182
49,58,143
3,63,199
1,46,167
63,42,128
52,34,140
16,50,204
12,23,166
8,57,194
24,36,41
54,22,182
32,58,130
25,41,217
58,25,125
59,22,135
32,39,214
26,17,190
56,28,110
32,5,151
36,2,145
31,42,244
46,22,118
30,58,142
1,44,163
33,49,162
28,8,147
0,58,152
25,29,181
61,16,139
25,39,193
3,58,154
6,8,151
61,6,142
37,36,46
20,60,196
47,51,222
60,49,135
63,59,132
53,52,171
62,58,130
20,7,142
31,58,141
55,56,125
11,53,209
48,2,134
23,43,229
13,29,179
8,12,144
6,14,143
40,49,210
61,61,117
51,23,175
40,63,131
47,57,144
35,28,156
4,57,163
55,29,128
24,44,235
53,28,216
16,1,146
27,39,141
16,49,193
47,45,110
41,28,195
27,9,150
62,42,121
25,16,193
20,39,176
1,62,220
19,33,197
48,53,221
55,27,113
22,24,185
42,26,171
53,16,130
49,45,150
16,63,209
41,16,183
20,16,184
21,28,195
0,33,146
61,19,149
59,17,139
4,21,140
39,55,156
7,31,209
42,56,170
20,42,155
42,51,182
11,36,156
38,0,140
55,13,160
41,0,135
24,38,55
0,26,129
36,29,181
46,11,147
22,37,76
34,9,144
44,16,175
32,42,243
52,40,156
62,1,139
27,16,203
28,63,172
55,52,155
54,37,144
45,1,133
19,11,150
29,20,181
18,56,183
15,25,152
23,23,183
3,37,185
8,63,138
41,55,169
34,12,147
53,23,178
16,35,176
34,10,142
8,31,201
22,8,144
57,14,131
40,45,203
41,31,199
2,53,203
30,52,91
37,2,142
9,33,185
62,12,134
1,8,149
52,16,162
34,38,165
32,11,146
27,14,205
5,12,148
33,23,136
31,7,145
61,38,135
33,34,134
15,7,147
9,45,162
1,36,138
49,56,138
35,32,138
17,57,179
25,61,190
2,11,150
0,57,153
3,23,137
14,24,162
20,23,185
19,19,136
0,48,146
31,43,241
33,58,125
61,37,147
63,3,144
43,15,189
35,16,193
35,34,154
20,31,214
22,18,200
39,1,141
23,60,188
2,17,131
16,9,149
43,24,182
35,17,173
15,22,117
33,4,151
11,58,179
39,14,215
59,53,126
23,50,200
14,32,207
26,42,232
57,31,128
53,62,158
52,48,214
25,28,190
19,48,179
10,15,184
17,3,149
48,41,147
5,58,167
45,38,185
24,49,216
27,47,232
24,30,205
37,39,145
38,40,194
12,33,191
20,9,143
19,59,180
38,4,145
43,60,99
3,20,138
56,6,148
45,29,189
37,21,194
2,8,149
47,8,148
41,49,200
12,26,158
24,13,209
16,4,145
2,13,149
53,53,145
38,63,122
5,13,145
59,37,168
47,56,198
26,6,150
58,1,144
33,1,141
0,44,146
52,0,140
31,54,133
51,37,98
7,60,164
52,24,181
11,38,130
16,28,185
13,32,197
49,10,152
47,63,138
42,22,176
38,11,135
47,26,116
47,7,147
11,5,151
47,35,174
7,36,181
22,38,67
33,42,243
51,17,191
22,32,206
60,45,140
29,31,129
20,0,145
18,20,144
62,63,121
47,28,154
27,3,145
8,54,211
60,0,138
25,59,183
9,27,218
29,49,157
63,26,118
17,11,163
14,36,172
8,3,152
21,11,149
36,31,187
21,47,221
54,39,163
58,58,114
8,58,174
35,50,171
23,55,143
1,37,138
7,37,169
37,32,185
43,59,117
57,12,140
47,27,129
61,49,114
0,24,131
57,63,158
22,3,144
16,7,148
1,27,126
26,4,150
28,59,168
14,31,206
58,21,149
49,1,132
51,7,150
1,14,144
11,14,166
12,13,156
32,15,217
30,44,238
6,30,218
51,33,152
50,20,188
45,56,189
44,55,196
48,12,189
40,13,191
0,3,154
23,14,200
50,42,136
4,7,151
6,41,205
3,42,220
22,33,195
20,58,178
28,4,143
21,53,170
29,27,150
29,56,126
52,43,179
24,58,176
25,62,197
5,37,209
61,36,159
20,47,197
51,26,191
29,47,86
34,0,142
35,53,131
3,48,222
20,40,172
55,33,217
16,0,148
36,8,149
31,14,223
56,9,143
30,40,232
46,21,128
48,30,179
14,54,201
34,41,226
13,59,163
4,41,221
21,57,171
55,20,144
5,62,172
42,24,168
41,40,170
10,9,163
15,36,179
56,20,142
36,0,144
10,45,144
60,1,141
40,25,171
18,36,191
44,41,146
9,17,160
31,45,231
14,2,147
50,1,132
29,2,142
51,47,215
43,18,159
55,31,189
16,43,127
41,43,178
33,31,151
0,55,155
51,60,143
55,50,184
5,19,154
59,56,73
23,33,200
23,37,49
34,7,148
43,62,110
44,63,127
35,25,162
49,18,197
48,56,156
24,10,143
6,44,204
13,38,139
31,63,146
37,19,180
18,28,186
21,59,196
36,46,231
36,4,148
31,31,152
11,21,179
12,41,187
59,47,150
30,57,131
50,38,109
43,17,170
48,47,200
62,29,113
24,34,132
54,5,152
2,7,152
31,29,151
53,14,141
27,15,205
2,26,124
59,33,141
32,43,241
23,34,86
20,13,205
60,19,145
9,51,202
33,43,239
51,41,150
62,22,143
16,39,151
18,37,196
18,8,144
46,57,155
24,32,206
42,29,196
40,6,143
9,5,151
59,3,142
10,39,152
39,21,185
51,55,132
47,31,196
7,51,213
5,4,151
51,45,197
26,32,155
39,39,86
18,51,182
37,16,197
31,49,66
0,7,153
20,30,208
3,55,172
60,3,143
30,51,115
60,10,137
35,5,146
60,56,89
59,13,139
58,45,181
9,60,143
43,39,181
31,13,195
63,40,133
4,25,137
19,18,162
43,27,171
46,52,219
14,35,195
37,33,195
59,1,142
61,50,137
54,28,161
14,0,148
50,56,125
58,34,195
61,54,122
22,12,194
26,21,198
12,8,153
56,17,129
5,25,136
0,37,138
24,26,191
30,17,208
41,26,184
50,45,175
29,9,142
60,42,157
61,21,134
9,47,198
1,21,125
45,33,203
19,32,217
30,1,143
27,29,180
52,4,148
59,14,138
46,60,78
56,14,134
60,13,140
38,1,140
37,56,148
8,52,206
42,25,172
45,58,103
23,38,64
43,11,147
58,23,145
38,26,182
1,19,117
18,47,152
5,57,187
7,54,217
20,2,147
33,55,106
17,20,153
21,20,172
26,9,151
18,50,185
23,57,166
32,23,148
17,59,169
3,62,209
50,17,209
19,46,180
15,2,142
7,13,148
62,38,133
43,28,186
29,3,142
60,58,78
15,20,166
54,59,132
54,48,206
63,7,141
57,5,144
44,25,166
23,49,214
61,33,154
6,33,220
31,8,144
34,14,211
32,21,169
49,13,176
21,42,185
58,9,139
40,28,199
33,45,229
13,8,154
0,22,126
55,39,180
59,50,147
33,54,121
34,28,152
18,57,170
29,50,162
33,37,169
19,22,166
49,17,203
13,34,202
59,59,99
17,25,161
13,42,151
34,24,182
19,45,168
63,9,138
53,19,195
39,48,201
23,53,155
19,1,150
51,58,118
62,2,144
27,0,144
4,18,144
62,36,171
43,7,145
0,5,155
32,63,139
10,17,140
26,56,144
12,63,184
51,61,152
12,51,215
36,51,149
50,8,150
50,57,125
38,39,114
0,50,154
43,0,131
26,35,122
36,48,221
46,26,124
5,9,150
41,44,179
11,49,207
36,15,202
57,2,146
2,21,134
32,26,152
61,26,121
24,15,187
48,45,127
39,46,204
18,5,148
47,43,99
7,21,166
3,3,155
26,58,171
7,16,139
46,62,135
30,14,218
11,9,171
54,27,130
44,28,179
35,15,215
18,41,155
54,21,194
50,32,170
60,17,146
25,22,195
51,54,181
36,14,198
23,30,208
31,22,155
14,51,216
56,35,215
8,8,153
7,46,198
24,42,232
3,5,155
58,48,156
43,20,162
7,52,214
59,34,199
62,23,143
32,46,179
20,48,204
5,34,222
9,57,198
40,59,114
24,22,197
11,62,170
55,22,180
28,12,152
57,59,115
3,35,155
32,2,144
51,16,153
41,58,120
6,63,168
56,59,119
54,8,150
45,26,143
49,32,184
46,10,149
56,63,163
9,29,194
41,46,186
50,12,171
17,52,183
14,7,146
3,7,150
41,4,141
33,28,184
3,24,133
62,51,127
25,14,204
7,3,152
45,57,146
25,9,147
30,23,184
51,10,168
33,22,146
25,5,149
42,15,190
37,58,162
0,10,147
54,43,205
49,54,192
33,32,147
13,36,172
31,51,85
9,26,224
50,30,178
14,42,154
37,34,155
12,6,150
9,22,170
51,30,180
35,45,227
11,29,185
49,22,138
17,63,216
31,41,244
4,62,202
51,44,183
60,43,145
59,19,141
63,29,115
16,48,163
19,34,100
49,44,127
38,20,190
36,35,117
20,35,53
12,11,173
38,15,207
54,17,145
27,54,132
11,63,170
7,58,174
52,15,166
53,25,145
24,23,185
30,6,143
1,47,163
10,1,151
42,41,145
42,53,195
26,1,143
31,59,148
26,38,80
28,46,189
44,13,169
18,17,188
6,50,215
27,42,228
41,63,131
33,63,108
8,25,199
45,7,146
44,44,132
10,0,152
54,55,137
28,33,177
50,25,157
15,28,176
32,16,201
63,17,140
28,0,144
15,8,150
13,9,170
58,36,190
8,33,193
14,50,211
33,15,210
31,9,142
51,43,153
8,1,152
10,29,190
32,10,144
30,62,161
21,19,149
49,39,135
44,5,145
41,11,141
32,44,239
0,25,131
25,13,198
21,27,192
45,19,195
5,54,211
50,41,161
49,53,219
53,22,200
47,48,201
9,32,199
31,19,180
47,33,199
56,61,138
59,11,140
17,44,133
50,52,226
4,8,151
58,30,128
37,13,151
7,41,188
32,40,231
34,5,145
14,26,149
40,21,174
16,25,160
53,30,202
2,63,212
13,16,195
44,12,147
32,53,118
17,24,181
14,58,163
62,17,139
14,9,158
63,60,127
1,25,127
17,13,176
5,6,151
52,63,164
48,51,225
4,23,137
8,16,147
19,10,143
52,33,161
45,25,157
17,15,169
49,29,169
36,40,94
40,22,184
35,4,145
48,1,132
58,7,142
54,57,128
46,49,206
21,21,185
59,54,92
56,48,197
9,30,195
53,12,130
28,34,164
54,6,151
60,22,125
4,16,151
25,55,128
51,35,160
13,45,113
7,23,129
37,14,189
47,46,158
3,15,150
63,12,132
36,11,142
43,41,135
54,32,213
6,15,142
0,38,136
51,1,137
33,19,174
47,5,142
42,18,144
0,30,121
4,55,202
1,33,136
28,60,179
10,54,201
30,24,188
26,22,186
63,0,134
52,60,155
48,18,199
29,42,241
62,43,124
26,25,176
2,2,150
45,32,204
16,13,169
32,1,143
35,61,131
8,36,164
41,14,208
11,33,181
58,5,142
14,10,190
0,2,155
15,23,156
33,14,219
17,4,148
6,60,183
30,0,144
34,22,174
63,15,133
16,44,106
49,24,132
55,15,148
61,31,106
26,50,191
44,8,146
56,53,128
37,59,145
6,40,197
28,2,143
4,50,228
57,47,184
2,34,136
45,5,146
17,39,136
28,9,146
60,57,80
38,47,222
18,45,158
29,34,160
4,33,159
37,31,180
61,55,113
63,10,136
43,63,106
15,48,167
15,14,189
40,10,133
41,12,154
14,63,200
10,53,210
34,4,146
27,32,193
58,2,144
29,18,207
20,22,180
15,61,180
50,5,146
2,60,177
25,58,170
37,54,129
35,33,147
55,45,205
12,49,202
18,32,215
30,22,179
53,27,173
51,39,149
35,7,149
56,7,148
48,5,144
20,12,178
29,45,223
44,14,198
8,29,207
17,5,148
51,28,193
22,56,166
25,48,218
54,62,165
27,31,190
10,31,192
18,6,147
0,15,138
18,59,169
43,8,147
59,15,138
48,59,142
9,50,203
51,5,147
16,3,143
41,10,143
34,11,143
6,34,215
20,1,146
16,26,153
41,19,165
44,35,119
31,47,109
2,62,217
50,26,151
12,16,160
38,48,212
21,10,147
32,35,180
28,55,128
3,32,127
6,2,150
43,50,197
12,62,170
15,4,144
50,62,159
47,25,125
24,31,204
62,11,135
24,35,33
15,27,168
12,14,192
38,5,147
23,52,165
26,45,241
6,62,163
49,41,154
14,6,147
29,21,175
37,51,161
26,3,147
49,27,133
37,5,150
24,1,142
31,46,186
33,53,114
24,8,137
34,46,186
19,60,186
48,49,213
41,5,142
48,43,108
10,25,208
51,20,177
51,0,133
45,31,205
52,61,152
40,60,121
51,8,151
53,54,131
43,47,141
27,56,139
33,6,149
36,49,189
15,29,199
60,9,138
6,24,131
13,61,162
23,10,141
3,26,127
25,53,146
25,44,242
63,24,143
30,8,143
57,1,147
41,45,193
35,37,117
6,25,137
42,23,169
54,53,144
53,17,131
39,44,226
10,59,151
44,39,168
36,9,147
2,28,129
29,62,166
39,11,128
32,8,146
48,48,213
28,16,188
9,14,143
36,7,149
24,3,144
60,29,121
10,51,208
22,21,170
15,24,166
28,20,169
5,42,218
30,50,150
35,55,107
10,55,196
15,5,145
5,43,219
5,52,183
10,18,180
27,41,151
44,6,143
43,13,161
20,17,166
12,27,174
62,53,120
30,28,176
18,53,196
61,40,150
10,14,152
18,52,190
3,36,171
14,20,178
13,11,165
13,6,149
11,24,186
15,26,151
57,30,125
52,45,207
4,10,152
32,54,135
4,32,151
4,27,133
0,59,147
3,18,138
12,55,194
48,17,200
35,57,136
20,4,143
39,38,58
39,18,172
50,58,147
14,11,172
12,10,159
4,14,148
15,45,122
57,39,206
41,32,203
21,22,181
56,60,143
33,60,137
29,36,155
20,49,189
38,17,188
54,0,143
20,63,206
23,35,33
1,1,152
18,27,180
61,45,124
36,24,150
20,59,186
50,33,167
45,2,134
12,58,183
19,2,151
61,14,136
59,25,114
63,4,145
47,23,151
12,61,157
45,49,202
56,52,146
7,6,153
12,22,148
24,52,158
43,12,147
8,11,159
19,3,150
21,15,181
39,19,194
14,53,195
48,33,198
44,24,187
57,7,146
44,32,209
54,46,210
0,39,130
44,29,195
41,30,184
61,11,138
29,1,143
49,62,147
17,27,178
34,17,177
14,37,149
59,35,179
27,45,235
55,55,127
12,3,154
34,20,168
25,1,141
27,37,138
2,4,155
59,36,160
48,46,174
30,46,177
52,20,195
33,18,185
47,30,187
14,22,111
37,18,174
29,57,144
46,45,109
44,48,165
9,44,157
13,50,215
19,28,195
31,28,156
31,35,195
36,39,92
23,46,222
15,53,201
27,35,126
29,17,204
45,27,152
35,58,145
18,26,169
25,12,158
55,28,123
50,34,165
14,33,211
4,47,225
4,15,151
52,21,201
44,33,204
25,0,141
45,43,138
10,16,130
2,38,133
1,20,121
46,8,148
11,61,159
23,11,148
30,11,144
43,31,207
38,41,205
62,59,114
46,44,124
63,22,147
24,53,143
34,6,146
42,44,148
6,49,219
6,46,204
9,0,153
8,46,191
9,48,205
2,32,126
41,52,188
19,23,186
17,41,159
19,12,185
36,34,171
22,14,200
52,52,196
21,49,200
47,16,191
19,52,194
9,62,160
33,17,187
37,12,143
19,49,189
2,47,198
15,60,171
25,45,235
35,20,151
18,61,194
50,40,153
11,20,201
21,41,180
21,40,190
34,58,138
47,1,130
56,19,136
48,61,128
6,53,215
26,54,131
18,24,175
33,30,168
59,44,156
2,18,130
20,34,71
1,29,124
46,23,167
35,8,149
58,59,106
2,12,150
59,24,130
53,4,151
24,41,210
7,12,152
23,32,205
41,13,201
17,6,148
54,33,206
11,18,195
60,50,146
50,31,179
38,30,174
39,2,141
55,51,158
59,26,102
22,61,202
39,41,200
52,36,157
17,2,151
34,48,188
30,39,214
39,13,179
56,4,146
47,15,177
60,38,148
31,30,149
43,4,145
35,44,232
22,4,142
41,3,142
38,45,234
18,25,171
48,37,128
32,27,152
33,41,239
36,47,226
45,12,149
19,61,196
22,58,179
19,27,184
37,27,176
6,35,206
5,33,208
7,20,195
44,40,138
39,34,114
12,25,144
9,20,209
32,38,211
24,6,143
30,63,162
5,59,160
5,51,208
3,34,142
7,38,166
10,28,196
18,44,145
38,23,169
13,30,186
49,3,140
48,44,125
22,57,168
46,63,133
3,27,128
54,45,209
60,5,141
20,38,162
61,43,132
33,10,143
0,43,140
49,40,139
60,25,120
12,39,131
7,42,189
39,61,128
46,42,136
39,5,143
47,32,202
13,58,175
7,9,152
16,32,206
15,33,209
6,36,198
55,63,164
50,4,143
36,43,238
10,8,165
21,4,142
62,8,143
57,45,192
58,18,133
45,61,109
55,59,146
25,18,171
47,52,225
49,48,224
27,62,176
6,7,152
29,37,162
15,56,184
42,61,110
48,40,137
32,36,193
6,20,198
53,55,153
14,1,148
50,29,173
18,46,166
15,43,117
51,27,195
4,44,220
7,30,215
38,16,203
3,45,216
19,16,153
12,59,170
25,17,185
5,47,217
58,44,188
56,32,181
63,25,128
3,52,212
35,40,133
6,51,212
46,39,147
22,0,145
50,21,197
51,2,139
42,27,183
50,53,213
43,42,144
46,30,194
62,55,141
0,8,150
9,35,168
50,0,129
56,42,211
4,3,153
11,23,187
60,52,115
34,29,159
28,50,175
54,30,202
41,17,189
23,4,142
25,10,149
12,1,153
17,10,146
14,15,190
32,20,177
40,15,198
36,6,149
0,11,146
44,51,206
59,10,138
40,37,48
56,27,111
63,18,151
40,2,142
6,45,206
6,4,151
31,55,125
35,2,144
49,8,148
56,47,201
29,25,190
28,14,211
9,19,193
4,39,205
38,9,138
47,49,211
10,49,203
21,62,204
27,52,136
30,38,199
10,40,171
55,26,118
36,26,143
3,6,152
40,44,209
34,45,229
9,63,156
36,63,113
22,59,196
43,45,148
61,35,192
20,8,143
63,28,119
45,46,137
30,53,117
26,5,150
29,10,139
21,37,85
33,46,172
22,47,226
32,32,125
20,15,187
11,11,173
35,14,208
25,56,154
6,9,150
15,57,170
34,21,163
4,58,154
59,28,118
15,32,206
17,54,189
19,9,142
36,61,114
1,58,167
41,53,179
61,39,147
13,20,189
55,9,149
8,6,152
43,53,216
3,40,186
50,7,150
47,17,203
45,60,110
31,27,157
50,23,149
28,32,173
62,9,140
15,51,209
14,23,156
29,46,179
22,50,199
2,51,213
45,39,141
52,51,206
5,49,225
58,8,140
61,1,140
31,26,145
45,54,206
14,17,200
32,50,149
52,14,158
38,58,158
55,35,206
37,63,105
55,12,168
53,6,151
14,55,179
34,34,127
22,49,212
12,42,163
50,24,145
12,48,188
39,47,222
10,62,177
40,17,177
61,63,97
21,5,141
6,52,203
2,10,150
25,31,171
24,56,147
8,34,181
5,2,148
59,62,113
57,55,88
15,40,169
4,24,136
4,46,220
30,54,135
21,58,174
30,47,98
14,18,188
14,44,109
12,44,125
4,12,149
34,19,180
14,27,161
53,11,153
5,45,213
7,27,227
53,37,128
48,20,199
63,45,138
7,49,211
2,40,145
36,17,190
28,23,160
13,53,203
44,61,115
21,32,210
10,34,171
22,10,146
11,40,163
47,19,198
17,38,167
52,62,157
29,53,133
61,53,112
29,32,132
52,55,143
0,27,126
2,37,142
52,30,186
62,33,148
63,36,193
58,32,122
46,33,201
25,35,72
27,12,156
27,20,184
55,8,148
8,9,163
62,56,146
10,47,194
59,32,103
6,26,152
62,5,146
21,17,191
10,2,149
8,45,180
16,15,185
20,6,141
23,0,143
7,29,220
53,51,197
17,61,192
59,45,157
18,29,199
31,3,144
23,15,190
27,43,243
47,44,128
5,39,209
62,50,133
49,20,197
46,13,196
48,62,145
7,8,152
30,55,120
45,16,167
58,24,141
9,34,173
57,26,121
31,23,153
28,35,144
32,49,96
17,40,141
9,40,163
22,39,152
28,22,150
10,7,149
5,26,136
56,3,146
53,20,201
39,8,138
8,43,175
63,34,202
60,8,140
17,46,155
2,3,153
41,21,188
60,47,121
3,16,148
1,53,177
37,15,204
34,52,121
45,35,138
35,42,220
40,20,190
34,1,141
28,43,233
11,56,191
35,10,142
59,41,186
9,52,203
16,33,205
53,45,210
9,21,183
12,24,165
56,29,117
56,15,129
25,15,192
30,33,150
22,62,204
37,60,135
45,30,194
21,45,202
9,23,195
56,46,203
18,54,179
56,36,205
0,35,147
26,40,162
63,50,150
42,4,143
22,9,142
57,18,127
48,7,147
22,13,214
59,18,142
35,22,135
37,4,148
36,50,174
11,31,198
10,37,150
28,44,233
63,49,142
6,47,208
24,55,136
40,54,165
13,24,165
41,62,115
25,21,201
43,6,144
28,17,183
8,14,165
63,31,109
21,43,192
45,52,214
63,13,130
0,49,145
7,39,171
19,13,198
34,37,132
23,3,143
48,14,183
45,51,213
57,48,186
14,29,192
23,25,184
31,12,156
3,46,218
34,8,147
19,36,135
39,26,184
55,44,210
38,24,156
23,51,182
35,38,150
42,34,75
5,40,212
44,54,223
34,55,108
8,27,226
48,29,167
59,52,108
35,52,133
15,58,159
19,37,173
47,20,193
9,11,131
60,24,126
6,23,127
49,38,111
26,15,195
60,53,124
37,55,139
35,12,147
35,6,149
1,11,148
1,61,222
46,27,136
33,29,176
10,48,201
39,24,167
29,12,159
26,51,164
18,14,186
39,4,141
51,3,142
1,38,133
40,36,40
53,60,133
9,61,157
52,1,144
19,0,147
42,3,142
35,48,219
58,17,131
50,22,151
18,40,133
47,53,219
11,52,208
30,41,243
35,41,162
24,47,231
50,10,154
42,30,193
54,26,127
12,37,134
46,16,176
45,48,177
61,58,95
21,54,165
36,12,148
15,34,211
1,42,149
17,16,190
13,63,198
42,37,71
55,43,205
2,57,156
39,62,126
26,10,152
63,20,157
17,48,171
19,56,176
5,11,150
43,25,163
21,2,146
58,4,143
52,10,177
24,18,176
27,38,158
47,18,184
62,34,206
41,29,204
0,19,108
30,37,186
18,55,182
12,36,166
14,62,193
2,31,121
59,12,140
11,51,209
7,5,153
50,2,135
57,20,144
13,26,154
37,29,161
54,52,159
50,19,185
53,10,184
43,37,148
21,50,180
30,16,206
39,53,147
57,38,207
2,1,151
20,51,186
27,36,119
52,39,136
21,51,183
8,59,155
18,63,214
32,52,88
28,39,192
50,9,149
37,20,197
32,4,152
22,55,153
3,56,177
38,10,136
25,42,238
4,52,208
53,24,149
60,46,121
55,62,155
49,37,122
34,18,174
22,30,200
26,13,189
27,10,150
38,42,214
63,39,135
21,16,186
42,38,141
53,38,127
47,61,124
1,31,125
32,12,152
41,36,56
63,47,150
46,29,188
10,57,197
14,38,152
4,48,227
20,33,188
43,46,153
15,18,192
39,63,130
9,25,223
28,15,203
50,48,227
47,58,129
1,0,152
41,15,191
58,35,183
10,52,212
19,43,151
58,56,75
26,41,179
40,31,201
7,63,146
43,23,167
45,53,218
30,18,197
32,45,233
29,44,233
2,20,132
47,14,177
57,36,211
60,18,150
35,1,142
11,16,137
28,7,146
48,55,158
45,28,174
11,47,187
40,33,193
22,23,187
29,19,192
14,5,148
39,60,131
59,23,137
38,50,170
1,59,170
27,21,181
61,59,93
54,31,215
40,34,86
45,37,190
13,18,200
37,42,226
37,17,191
63,53,140
57,8,144
40,57,158
2,36,138
29,58,157
51,57,129
45,13,185
26,24,181
61,0,137
58,55,83
16,2,144
45,24,179
34,36,124
1,24,129
44,19,185
7,15,143
31,10,141
14,39,166
9,54,210
46,1,132
44,37,181
52,31,189
13,2,152
15,59,163
61,28,114
7,34,199
10,24,203
38,13,157
5,10,151
45,18,187
47,42,125
34,3,144
56,30,124
58,50,138
42,0,134
18,22,147
48,52,226
16,30,206
49,34,180
54,20,180
56,11,142
0,62,224
3,47,222
12,4,153
6,32,220
27,17,192
60,23,126
27,28,175
53,0,141
58,28,117
19,39,162
28,10,143
37,26,171
19,6,142
3,44,216
24,28,197
62,0,136
37,53,119
11,48,196
43,43,143
33,56,104
51,52,217
1,23,130
19,25,170
50,61,152
37,30,160
58,40,204
43,19,173
48,34,191
61,42,132
19,50,183
18,4,150
52,53,179
44,50,202
45,22,115
61,52,107
2,52,207
28,18,184
4,40,214
42,57,132
40,4,139
11,10,163
60,15,141
61,9,141
34,56,110
42,1,132
32,47,120
37,45,239
13,12,177
51,18,212
60,21,129
34,44,236
42,55,192
13,7,149
1,32,128
8,20,212
31,62,152
25,25,184
55,2,149
44,18,189
14,19,202
30,15,210
29,43,237
3,13,149
3,14,150
35,39,161
47,36,139
27,18,179
15,42,154
56,26,118
60,11,139
19,44,156
22,63,205
25,40,203
50,35,165
26,31,161
54,16,149
37,3,145
16,21,121
23,16,178
58,11,140
14,30,198
3,41,219
47,6,146
13,19,196
0,4,155
58,37,202
54,35,192
5,60,175
31,1,143
7,57,197
3,4,156
16,46,149
36,5,149
38,38,50
40,5,141
61,18,150
52,9,150
60,60,92
44,2,134
40,1,141
16,42,146
16,14,179
16,17,190
37,40,189
54,49,200
2,59,166
13,55,187
20,50,174
61,57,107
23,36,36
24,4,145
24,63,202
22,42,207
12,54,200
6,1,149
20,43,158
25,47,229
54,3,151
25,52,154
59,38,183
60,30,117
32,14,223
4,2,150
63,57,161
56,25,143
12,34,185
53,5,151
62,35,200
6,42,206
57,0,150
11,26,186
63,14,131
44,11,144
6,13,145
37,41,199
56,16,128
11,15,188
21,8,145
11,37,132
41,54,166
46,0,135
25,23,179
45,40,152
2,50,216
63,56,160
55,19,144
35,51,146
60,2,142
52,18,195
23,27,197
48,38,140
17,29,195
29,4,141
0,21,121
15,9,153
21,63,204
60,62,96
46,59,103
51,36,149
53,3,151
17,45,139
0,14,142
29,28,139
18,1,153
46,43,117
8,40,175
43,32,212
49,5,148
44,45,118
40,62,124
7,50,214
16,54,195
25,3,146
38,21,196
28,56,133
32,18,167
52,59,114
58,54,89
21,44,207
21,52,184
18,2,154
24,17,182
57,56,93
33,36,160
20,62,205
17,49,184
35,30,139
31,16,199
60,59,88
26,52,145
1,26,126
49,47,210
52,6,150
34,63,104
20,26,180
55,18,140
9,43,155
42,43,154
13,39,145
29,6,145
4,6,151
62,13,131
24,29,197
14,47,173
15,17,196
43,30,202
32,17,181
2,19,131
63,33,146
49,15,172
61,3,146
30,36,177
18,31,214
35,13,161
19,21,148
16,41,151
53,26,146
22,45,212
50,36,140
12,0,152
63,61,125
44,9,148
0,23,129
13,60,159
46,18,185
43,56,180
28,51,145
62,44,125
14,21,134
18,48,177
52,37,121
18,38,175
61,7,143
31,4,147
15,35,189
4,22,137
63,35,207
2,23,134
40,47,210
8,24,152
58,33,147
15,44,104
58,6,143
51,14,169
46,40,160
35,3,145
20,11,149
39,25,176
8,30,204
5,38,208
27,48,230
34,54,105
12,21,157
16,53,189
55,30,149
41,34,73
27,23,176
8,17,150
12,20,199
47,9,148
16,47,153
3,22,138
62,28,117
60,4,142
45,47,162
29,8,145
46,50,211
4,42,223
41,18,190
20,21,158
5,18,149
23,1,144
18,60,182
10,19,207
47,37,151
9,53,210
14,48,175
45,14,204
57,16,124
47,55,197
52,26,185
11,25,173
32,57,118
21,9,145
36,1,145
1,51,194
14,40,171
32,30,148
9,49,199
10,21,194
14,49,195
46,4,139
43,14,202
38,33,168
22,36,57
7,10,154
21,23,186
61,25,129
46,17,201
57,33,164
52,58,120
18,16,173
8,26,231
2,5,156
50,18,192
5,50,219
34,33,117
41,8,147
61,10,138
44,34,163
35,21,138
55,14,157
41,56,150
44,62,114
13,23,157
23,7,139
18,15,152
53,29,210
46,54,199
7,26,205
45,63,131
59,6,140
24,46,225
49,21,182
30,5,142
47,4,138
47,2,130
35,54,109
54,34,199
14,3,148
40,19,203
63,41,129
41,61,121
12,56,180
63,6,143
8,32,197
41,22,185
40,26,178
62,20,151
15,52,197
48,32,194
36,13,162
38,62,118
14,60,164
58,15,130
53,9,150
51,51,212
33,51,129
1,13,147
46,48,190
19,38,189
12,46,146
62,57,147
7,25,146
36,16,199
32,55,125
4,5,153
16,51,197
6,18,159
0,61,223
29,15,215
0,16,130
15,19,197
58,62,119
26,53,147
42,45,177
53,32,196
33,2,144
47,40,151
17,42,146
5,55,222
17,0,151
10,41,186
49,11,173
58,43,198
38,27,183
53,36,166
40,38,67
50,37,108
23,63,206
28,54,141
47,13,194
39,22,183
21,46,212
1,22,129
25,7,145
5,5,151
13,10,185
25,8,144
14,61,185
36,25,154
41,6,144
57,52,109
26,19,178
46,53,203
16,27,173
30,59,145
48,28,152
56,58,114
35,0,143
28,49,180
14,59,155
35,46,197
13,0,150
32,9,144
11,54,194
31,34,167
40,23,180
4,61,204
58,14,133
16,23,156
17,21,113
22,7,144
3,60,152
47,0,134
16,61,184
9,9,185
51,19,183
3,39,175
48,10,147
33,11,144
35,19,153
29,13,197
34,27,153
40,61,120
56,62,151
60,44,126
10,22,197
37,49,191
58,63,130
18,58,162
55,54,135
36,32,187
31,5,146
8,2,152
7,47,203
37,25,166
24,37,65
54,24,149
61,51,124
62,52,117
28,58,152
9,28,204
21,24,175
6,29,198
1,56,147
23,58,178
5,44,215
42,12,153
6,48,214
17,56,178
40,51,178
19,55,183
29,0,144
23,9,139
8,18,157
36,62,113
60,32,101
54,19,155
10,3,149
46,25,146
2,15,143
34,23,176
57,29,118
15,12,165
11,55,188
13,52,209
52,7,150
15,0,146
18,12,195
6,38,189
60,34,205
11,6,150
39,6,144
0,20,114
10,4,149
40,0,137
19,26,174
44,36,158
12,43,138
9,7,153
0,45,139
38,6,146
14,28,174
9,42,167
58,31,122
13,48,182
11,50,211
61,15,138
61,47,125
52,2,146
41,57,137
54,50,194
45,44,127
54,41,194
30,34,162
55,1,148
39,3,140
22,51,188
13,44,115
16,57,158
40,27,191
60,26,110
37,23,180
30,25,190
4,11,151
23,2,144
36,59,151
18,42,150
59,2,142
11,19,205
43,26,161
34,2,143
9,13,131
1,35,143
42,46,173
33,44,237
17,23,161
25,46,233
60,40,172
40,29,209
26,12,157
42,60,117
62,7,143
58,57,78
54,4,150
43,33,199
59,8,138
59,21,138
46,55,211
18,3,152
9,6,152
56,23,153
2,9,149
10,12,151
57,27,114
8,38,152
62,3,147
30,30,159
5,8,151
27,60,174
21,12,181
1,30,122
40,39,131
51,9,149
4,43,221
4,51,215
60,7,141
46,28,157
27,57,151
18,35,165
5,24,134
19,17,174
30,60,158
20,56,176
52,47,215
49,7,147
62,30,109
54,11,158
44,42,150
24,45,233
12,40,149
56,51,142
45,9,148
29,52,103
43,40,147
11,17,162
11,3,151
46,38,177
2,42,194
36,41,160
0,34,150
17,55,181
32,24,139
41,23,174
62,10,137
11,32,187
15,6,146
11,43,147
42,11,150
57,49,171
9,8,161
3,10,152
20,27,190
53,42,191
5,32,204
60,33,148
58,0,146
48,23,138
58,42,202
31,36,205
17,34,192
57,15,125
24,5,146
57,23,148
55,61,134
26,28,176
26,34,149
18,18,179
43,44,125
54,12,111
60,63,101
10,44,144
30,56,115
37,6,147
20,32,216
38,46,223
49,46,190
53,21,184
34,60,132
12,9,186
23,59,188
48,3,137
38,37,63
36,21,168
63,43,124
22,43,218
36,54,121
56,34,213
44,57,143
4,20,152
29,5,142
56,0,151
5,61,179
61,13,135
12,12,175
25,34,151
37,10,143
55,11,167
39,0,138
54,36,179
39,42,210
44,47,148
37,46,232
53,46,212
26,11,153
15,62,195
29,26,178
42,33,191
30,9,142
62,31,107
57,4,144
46,19,204
16,20,156
47,59,130
7,62,139
55,7,150
52,27,208
38,36,41
26,7,149
45,42,146
21,56,161
22,26,187
49,23,136
7,7,153
48,54,197
33,7,150
17,7,148
33,27,180
2,58,168
3,54,179
2,44,202
26,16,196
24,2,142
4,45,219
16,11,180
6,3,151
1,4,153
16,8,148
15,3,142
57,54,100
49,42,153
1,17,118
48,21,163
19,47,166
17,50,200
6,43,206
22,40,194
31,21,171
41,59,109
34,30,159
7,19,188
0,51,170
20,37,74
32,29,156
55,5,149
4,36,214
22,53,173
10,33,180
33,26,164
2,0,150
63,5,144
10,13,148
57,37,211
1,39,130
27,50,189
63,1,137
45,21,136
44,49,189
13,22,116
10,32,193
40,32,199
51,59,135
46,31,196
34,57,126
6,39,194
7,18,141
29,29,143
31,52,89
25,57,164
23,41,209
1,49,167
14,25,144
17,12,199
58,16,130
54,14,126
23,6,141
36,27,155
28,62,169
42,35,51
10,38,132
17,37,195
24,9,138
5,17,146
19,8,141
47,24,152
6,5,151
35,59,155
23,39,155
31,38,213
5,16,145
47,41,150
51,15,159
46,3,133
35,29,150
57,60,125
54,1,146
56,44,205
54,2,149
14,46,153
27,24,175
42,13,156
22,35,53
25,24,181
61,41,144
38,31,168
2,16,137
54,13,115
52,29,197
22,28,198
24,33,192
38,12,136
25,63,201
9,55,200
21,25,173
49,12,180
51,24,187
55,57,121
28,6,145
62,54,126
31,32,146
26,27,180
42,42,141
18,10,143
51,40,163
1,18,114
3,29,132
23,62,204
42,49,181
9,56,201
55,21,162
27,53,141
34,51,140
3,8,150
40,11,132
2,33,133
5,27,136
59,42,183
17,9,145
31,50,110
22,54,160
21,48,224
7,44,195
25,6,148
42,32,210
15,46,155
62,60,121
38,52,144
44,53,217
9,39,148
49,33,185
50,13,173
17,28,190
1,41,146
55,42,209
41,7,146
63,38,134
10,43,159
24,16,189
22,19,191
4,63,194
32,41,241
47,11,147
42,54,196
47,50,218
51,32,166
1,28,126
7,61,149
28,21,152
26,57,156
7,14,146
26,37,55
6,57,193
31,44,237
42,14,203
11,12,167
41,9,145
42,19,153
57,34,202
54,23,194
5,36,212
31,48,73
42,63,123
23,48,217
36,3,146
57,46,189
29,30,135
1,45,159
23,12,182
43,9,149
21,33,187
27,63,181
27,55,124
26,39,153
39,27,191
27,49,209
4,60,172
37,44,242
21,0,145
34,62,112
39,29,201
47,54,204
23,54,140
51,13,160
52,49,222
41,38,83
55,47,203
58,41,206
46,61,118
51,31,179
21,6,142
55,60,130
39,36,32
25,19,182
14,56,179
12,35,193
30,26,191
51,48,221
1,40,132
63,51,138
43,38,182
31,0,145
28,3,143
57,50,135
4,53,172
33,38,190
13,33,197
22,44,220
61,22,130
3,31,124
17,32,209
28,28,157
58,60,107
19,29,199
63,27,120
8,62,143
4,0,149
49,49,219
48,22,126
3,30,127
27,33,193
7,22,127
23,24,182
48,57,165
33,50,162
16,37,194
8,56,204
16,29,198
55,48,200
37,9,146
23,5,142
11,7,149
41,27,190
5,48,220
17,30,206
53,57,138
52,3,147
28,11,143
44,27,162
39,9,135
60,55,93
45,59,121
42,10,150
4,13,147
52,32,184
44,38,190
26,2,145
3,50,227
45,6,146
11,0,151
26,0,144
18,23,176
30,48,64
22,60,201
19,4,147
54,10,171
2,14,146
62,61,132
47,47,188
22,6,143
4,26,135
48,39,144
61,34,207
34,16,196
15,54,193
48,36,157
2,6,154
39,59,134
33,39,205
62,4,147
50,3,139
7,28,216
51,63,160
42,9,151
56,38,192
46,32,201
57,53,116
10,58,183
19,54,173
9,46,180
55,49,192
57,32,145
56,45,199
15,13,180
46,9,149
19,31,215
52,57,138
5,53,173
13,5,150
53,15,141
20,5,141
23,61,198
54,38,145
45,62,126
56,56,117
57,22,147
11,28,183
34,35,144
36,57,145
18,62,205
59,58,82
44,0,132
37,7,146
42,21,178
8,4,152
59,40,194
9,16,152
49,30,172
34,31,149
5,41,215
38,19,178
24,51,181
56,31,140
38,22,190
22,2,144
48,6,145
11,44,130
24,57,169
21,35,60
5,28,136
53,35,170
47,39,151
33,20,155
11,2,151
15,55,190
15,1,144
41,39,160
38,53,136
24,39,158
49,63,151
42,16,193
53,7,152
52,11,173
48,4,142
13,4,152
4,56,192
36,53,121
59,9,137
52,50,217
8,10,175
7,32,209
17,47,151
54,60,124
8,13,156
9,31,193
32,60,157
13,37,143
46,47,176
30,42,243
43,48,158
25,60,188
14,57,174
31,6,145
38,57,155
63,54,130
2,49,209
41,35,51
6,58,176
57,6,145
51,21,200
46,14,195
17,43,135
8,19,175
1,9,148
18,49,185
38,49,202
57,17,126
38,55,149
50,43,135
46,58,130
34,59,149
7,48,209
24,27,198
23,47,229
22,5,141
17,51,185
2,43,203
23,56,158
14,4,149
56,33,203
55,24,175
8,47,199
46,6,147
31,18,176
49,28,160
39,31,202
7,45,196
46,36,140
40,7,143
36,56,135
59,31,113
42,7,147
14,13,180
40,53,154
25,20,194
43,2,134
32,25,150
32,0,144
27,7,148
20,18,157
46,20,181
27,1,143
44,31,208
39,50,181
28,36,127
46,12,155
53,33,181
20,41,154
24,12,163
63,52,138
17,60,178
31,24,157
27,59,167
32,59,144
9,18,187
0,29,122
62,49,119
40,12,147
38,43,232
13,1,152
3,0,149
63,11,134
45,34,178
15,30,202
9,41,168
22,22,184
27,34,168
53,39,146
5,29,144
39,15,202
10,10,149
63,48,148
27,5,146
1,16,127
6,6,151
57,11,141
62,25,134
6,61,162
58,49,158
53,31,199
55,38,167
48,58,137
39,20,199
2,25,125
16,19,183
3,33,135
29,22,177
1,48,169
21,39,178
18,7,145
55,37,167
8,50,203
17,58,162
33,16,198
19,5,145
29,35,158
22,31,204
12,5,152
61,60,108
7,2,151
51,56,141
13,25,137
52,8,151
24,19,181
31,11,145
25,32,170
30,20,146
16,34,206
55,34,213
62,14,131
34,61,136
36,44,243
37,48,221
24,54,133
38,35,46
25,54,129
55,32,211
50,63,155
14,16,195
30,43,241
42,36,56
44,21,138
49,31,182
16,58,177
24,40,205
2,22,134
8,28,212
50,54,175
38,59,148
35,63,104
54,56,138
46,2,131
8,53,209
37,8,146
18,30,207
3,38,174
16,38,161
20,46,196
56,39,196
53,40,174
31,60,163
19,7,142
2,30,125
62,24,139
57,58,106
44,43,140
30,3,141
61,2,143
3,51,224
1,60,193
24,43,237
57,13,138
35,18,161
30,2,141
25,27,195
47,38,169
14,14,194
30,45,230
35,35,125
23,45,224
49,60,144
62,15,133
25,49,210
16,18,201
57,41,210
14,8,150
3,9,151
53,13,136
21,14,192
44,52,203
30,32,147
3,61,213
3,21,135
30,19,167
2,61,217
23,42,220
